seriesKey,seriesName,x,yLeft_1,yLeft_2,yRight_1,yRight_2,yRight_3
30148,Covington UCC,4074002,3,8,1,1,0
30148,Covington UCC,4074003,10,14,2,2,1
30148,Covington UCC,4074004,17,21,1,1,0
30148,Covington UCC,4074005,17,21,1,1,1
30148,Covington UCC,4074015,4,8,1,1,0
30148,Covington UCC,4074016,4,8,1,1,1
30148,Covington UCC,4074018,18,21,1,1,0
30148,Covington UCC,4074019,18,21,1,1,0
30148,Covington UCC,4074020,18,21,1,1,1
30148,Covington UCC,4074021,7,9,1,1,0
30148,Covington UCC,4074022,5,9,3,2,2
30148,Covington UCC,4074023,6,10,1,1,1
30148,Covington UCC,4074024,9,13,1,1,0
30148,Covington UCC,4074025,9,13,1,1,1
30148,Covington UCC,4074027,11,15,3,3,2
30148,Covington UCC,4074028,27,27,1,1,0
30148,Covington UCC,4074029,27,27,1,1,1
30148,Covington UCC,4074030,7,27,1,1,0
30148,Covington UCC,4074031,8,22,2,2,1
30148,Covington UCC,4074032,10,17,1,1,1
30148,Covington UCC,4074033,2,10,1,1,1
30148,Covington UCC,4074034,3,8,1,1,1
30148,Covington UCC,4074036,16,20,3,3,1
30148,Covington UCC,4074037,23,28,3,3,0
30148,Covington UCC,4074038,18,26,6,6,1
30148,Covington UCC,4074039,20,31,6,6,3
30148,Covington UCC,4074040,23,46,4,4,2
30148,Covington UCC,4074041,28,48,4,4,0
30148,Covington UCC,4074042,28,48,4,4,2
30148,Covington UCC,4074043,31,35,5,5,0
30148,Covington UCC,4074044,31,35,5,5,1
30148,Covington UCC,4074045,32,36,5,5,2
30148,Covington UCC,4074046,31,35,4,4,1
30148,Covington UCC,4074047,29,33,5,5,1
30148,Covington UCC,4074048,28,41,5,5,3
30148,Covington UCC,4074049,34,53,3,3,0
30148,Covington UCC,4074050,26,43,5,5,0
30148,Covington UCC,4074051,19,38,7,7,5
30148,Covington UCC,4074052,30,33,3,3,1
30148,Covington UCC,4074053,26,61,4,4,1
30148,Covington UCC,4074054,19,56,4,4,0
30148,Covington UCC,4074055,17,48,5,5,4
30148,Covington UCC,4074056,7,16,1,1,1
30148,Covington UCC,4074057,11,13,2,2,1
30148,Covington UCC,4074058,18,21,1,1,0
30148,Covington UCC,4074059,6,25,4,4,3
30148,Covington UCC,4074060,14,34,3,3,1
30148,Covington UCC,4074061,21,28,2,2,1
30148,Covington UCC,4074062,29,46,2,2,0
30148,Covington UCC,4074063,24,35,3,3,1
30148,Covington UCC,4074064,20,27,3,3,1
30148,Covington UCC,4074065,24,60,3,3,1
30148,Covington UCC,4074066,24,56,3,3,1
30148,Covington UCC,4074067,24,72,2,2,0
30148,Covington UCC,4074068,24,72,2,2,1
30148,Covington UCC,4074069,22,25,2,2,1
30148,Covington UCC,4074070,17,20,3,3,0
30148,Covington UCC,4074071,16,19,4,4,2
30148,Covington UCC,4074072,15,18,3,3,1
30148,Covington UCC,4074073,11,13,2,2,2
30148,Covington UCC,4074075,18,19,1,1,0
30148,Covington UCC,4074076,12,16,3,3,0
30148,Covington UCC,4074077,11,17,4,4,3
30148,Covington UCC,4074078,10,41,3,3,2
30148,Covington UCC,4074079,20,23,1,1,0
30148,Covington UCC,4074080,20,23,1,1,1
30148,Covington UCC,4074081,9,14,1,1,0
30148,Covington UCC,4074082,12,16,2,2,1
30148,Covington UCC,4074083,12,17,2,2,0
30148,Covington UCC,4074084,11,15,3,3,2
30148,Covington UCC,4074085,6,10,2,2,2
30148,Covington UCC,4074088,1,8,1,1,1
30148,Covington UCC,4074102,9,19,1,1,0
30148,Covington UCC,4074103,8,14,2,2,2
30148,Covington UCC,4074104,6,13,1,1,0
30148,Covington UCC,4074105,6,13,1,1,1
30148,Covington UCC,4074106,9,71,1,1,0
30148,Covington UCC,4074107,9,71,1,1,1
30148,Covington UCC,4074108,7,10,2,2,1
30148,Covington UCC,4074109,10,12,1,1,1
30148,Covington UCC,4074112,20,21,1,1,0
30148,Covington UCC,4074113,20,21,1,1,0
30148,Covington UCC,4074114,20,21,1,1,1
30148,Covington UCC,4074115,9,13,1,1,0
30148,Covington UCC,4074116,8,11,2,2,1
30148,Covington UCC,4074117,7,9,1,1,1
30148,Covington UCC,4074118,3,11,2,2,1
30148,Covington UCC,4074119,3,10,1,1,1
30148,Covington UCC,4074120,2,11,1,1,0
30148,Covington UCC,4074121,7,16,2,2,1
30148,Covington UCC,4074122,9,19,2,2,1
30148,Covington UCC,4074123,7,16,1,1,1
30148,Covington UCC,4074124,0,10,1,1,1
30148,Covington UCC,4074125,40,41,1,1,0
30148,Covington UCC,4074126,40,41,1,1,0
30148,Covington UCC,4074127,33,42,2,2,0
30148,Covington UCC,4074128,28,34,4,4,0
30148,Covington UCC,4074129,28,34,4,4,2
30148,Covington UCC,4074130,24,26,5,5,1
30148,Covington UCC,4074131,24,27,4,4,1
30148,Covington UCC,4074132,27,30,5,5,2
30148,Covington UCC,4074133,29,33,4,4,1
30148,Covington UCC,4074134,31,35,3,3,0
30148,Covington UCC,4074135,31,35,3,3,2
30148,Covington UCC,4074136,23,28,2,2,1
30148,Covington UCC,4074137,14,17,2,2,0
30148,Covington UCC,4074138,15,17,3,3,2
30148,Covington UCC,4074139,10,12,3,3,2
30148,Covington UCC,4074140,7,11,2,2,1
30148,Covington UCC,4074141,12,16,2,2,1
30148,Covington UCC,4074142,12,16,2,2,0
30148,Covington UCC,4074143,12,16,2,2,2
30148,Covington UCC,4074144,6,8,1,1,1
30148,Covington UCC,4074151,9,13,1,1,0
30148,Covington UCC,4074152,7,11,2,2,2
30148,Covington UCC,4074153,4,11,2,2,1
30148,Covington UCC,4074154,8,11,1,1,1
30148,Covington UCC,4074157,6,9,3,3,1
30148,Covington UCC,4074158,8,22,3,3,2
30148,Covington UCC,4074159,14,33,2,2,0
30148,Covington UCC,4074160,11,28,3,3,1
30148,Covington UCC,4074161,9,14,4,4,3
30148,Covington UCC,4074162,5,8,2,2,2
30148,Covington UCC,4074163,4,5,1,1,0
30148,Covington UCC,4074164,4,5,1,1,1
30148,Covington UCC,4074165,4,8,1,1,0
30148,Covington UCC,4074166,4,8,1,1,1
30148,Covington UCC,4074167,0,7,2,2,2
30148,Covington UCC,4074168,4,9,1,1,1
30148,Covington UCC,4074169,5,14,2,2,2
30148,Covington UCC,4074170,7,9,2,2,1
30148,Covington UCC,4074171,4,9,2,2,2
30148,Covington UCC,4074172,5,10,2,2,1
30148,Covington UCC,4074173,5,12,1,1,1
30148,Covington UCC,4074175,7,11,1,1,0
30148,Covington UCC,4074176,7,11,1,1,1
30148,Covington UCC,4074179,5,7,3,3,2
30148,Covington UCC,4074180,3,11,2,2,2
30148,Covington UCC,4074183,3,7,1,1,1
30148,Covington UCC,4074185,5,7,1,1,1
30148,Covington UCC,4074186,4,5,1,1,0
30148,Covington UCC,4074187,4,6,2,2,1
30148,Covington UCC,4074188,4,7,2,2,1
30148,Covington UCC,4074189,4,7,1,1,1
30148,Covington UCC,4074191,4,10,1,1,1
30148,Covington UCC,4074202,0,63,1,1,1
30148,Covington UCC,4074203,1,14,1,1,1
30148,Covington UCC,4074204,0,34,2,2,2
30148,Covington UCC,4074205,16,34,2,2,1
30148,Covington UCC,4074206,21,26,2,2,0
30148,Covington UCC,4074207,21,26,2,2,0
30148,Covington UCC,4074208,14,21,3,3,3
30148,Covington UCC,4074209,12,14,1,1,0
30148,Covington UCC,4074210,12,14,1,1,0
30148,Covington UCC,4074211,8,17,2,2,2
30148,Covington UCC,4074212,9,14,2,2,0
30148,Covington UCC,4074213,9,14,2,2,2
30148,Covington UCC,4074214,3,6,1,1,0
30148,Covington UCC,4074215,3,6,1,1,1
30148,Covington UCC,4074216,12,13,1,1,0
30148,Covington UCC,4074217,6,12,3,3,1
30148,Covington UCC,4074218,11,15,4,4,2
30148,Covington UCC,4074219,11,15,4,4,1
30148,Covington UCC,4074220,11,30,5,5,4
30148,Covington UCC,4074221,10,17,2,2,0
30148,Covington UCC,4074222,8,13,4,4,3
30148,Covington UCC,4074223,9,11,2,2,1
30148,Covington UCC,4074224,8,10,1,1,1
30148,Covington UCC,4074225,11,14,1,1,0
30148,Covington UCC,4074226,10,16,3,3,0
30148,Covington UCC,4074227,10,16,3,3,2
30148,Covington UCC,4074228,13,20,2,2,1
30148,Covington UCC,4074229,14,23,1,1,1
30148,Covington UCC,4074230,11,13,2,2,0
30148,Covington UCC,4074231,11,13,2,2,1
30148,Covington UCC,4074232,11,15,2,2,1
30148,Covington UCC,4074233,8,14,1,1,1
30148,Covington UCC,4074234,17,19,2,2,1
30148,Covington UCC,4074235,22,25,3,3,1
30148,Covington UCC,4074236,31,33,2,2,0
30148,Covington UCC,4074237,31,33,2,2,1
30148,Covington UCC,4074238,22,24,2,2,0
30148,Covington UCC,4074239,15,20,3,3,3
30148,Covington UCC,4074240,11,15,2,2,1
30148,Covington UCC,4074241,14,17,2,2,1
30148,Covington UCC,4074242,13,14,1,1,0
30148,Covington UCC,4074243,18,54,3,3,2
30148,Covington UCC,4074244,33,139,1,1,0
30148,Covington UCC,4074245,20,77,2,2,0
30148,Covington UCC,4074246,11,43,4,4,4
30148,Covington UCC,4074247,4,10,1,1,1
30148,Covington UCC,4074248,6,12,2,2,0
30148,Covington UCC,4074249,9,28,5,5,3
30148,Covington UCC,4074250,25,46,4,4,1
30148,Covington UCC,4074251,30,34,3,3,1
30148,Covington UCC,4074252,36,39,2,2,0
30148,Covington UCC,4074253,36,39,2,2,0
30148,Covington UCC,4074254,29,34,3,3,2
30148,Covington UCC,4074255,16,25,1,1,1
30148,Covington UCC,4074256,8,10,1,1,0
30148,Covington UCC,4074257,13,15,3,3,1
30148,Covington UCC,4074258,13,15,3,3,1
30148,Covington UCC,4074259,17,18,3,3,1
30148,Covington UCC,4074260,18,22,3,3,1
30148,Covington UCC,4074261,14,18,2,2,2
30148,Covington UCC,4074262,9,10,1,1,0
30148,Covington UCC,4074263,9,10,1,1,1
30148,Covington UCC,4074264,19,21,1,1,0
30148,Covington UCC,4074265,11,14,3,3,1
30148,Covington UCC,4074266,12,15,4,4,1
30148,Covington UCC,4074267,12,16,4,4,3
30148,Covington UCC,4074268,15,19,4,4,1
30148,Covington UCC,4074269,18,24,3,3,2
30148,Covington UCC,4074270,17,21,2,2,0
30148,Covington UCC,4074271,17,21,2,2,2
30148,Covington UCC,4074272,19,26,1,1,0
30148,Covington UCC,4074273,17,27,3,3,0
30148,Covington UCC,4074274,17,27,3,3,2
30148,Covington UCC,4074275,21,31,1,1,0
30148,Covington UCC,4074276,17,24,2,2,1
30148,Covington UCC,4074277,10,16,2,2,1
30148,Covington UCC,4074278,5,10,2,2,2
30148,Covington UCC,4074279,8,9,1,1,0
30148,Covington UCC,4074280,10,13,2,2,1
30148,Covington UCC,4074281,12,18,1,1,1
30148,Covington UCC,4074282,12,13,2,2,0
30148,Covington UCC,4074283,12,16,3,3,1
30148,Covington UCC,4074284,12,17,2,2,2
30148,Covington UCC,4074285,14,15,1,1,0
30148,Covington UCC,4074286,14,15,1,1,0
30148,Covington UCC,4074287,13,14,2,2,1
30148,Covington UCC,4074288,12,13,1,1,1
30148,Covington UCC,4074289,6,9,2,2,1
30148,Covington UCC,4074290,10,11,1,1,1
30148,Covington UCC,4074291,6,7,1,1,1
30148,Covington UCC,4074302,5,9,1,1,1
30148,Covington UCC,4074303,9,11,2,2,1
30148,Covington UCC,4074304,9,12,2,2,0
30148,Covington UCC,4074305,9,12,2,2,2
30148,Covington UCC,4074307,13,14,1,1,0
30148,Covington UCC,4074308,12,14,2,2,1
30148,Covington UCC,4074309,11,15,1,1,1
30148,Covington UCC,4074313,13,17,2,2,0
30148,Covington UCC,4074314,13,17,2,2,1
30148,Covington UCC,4074315,21,23,1,1,1
30148,Covington UCC,4074319,7,23,2,2,1
30148,Covington UCC,4074320,4,16,3,3,2
30148,Covington UCC,4074321,2,9,1,1,1
30148,Covington UCC,4074323,1,13,1,1,1
30148,Covington UCC,4074324,10,13,2,2,1
30148,Covington UCC,4074325,18,19,1,1,0
30148,Covington UCC,4074326,12,15,2,2,1
30148,Covington UCC,4074327,5,11,3,3,2
30148,Covington UCC,4074328,7,11,2,2,1
30148,Covington UCC,4074329,6,10,2,2,2
30148,Covington UCC,4074335,5,80,2,2,0
30148,Covington UCC,4074336,9,49,4,4,2
30148,Covington UCC,4074337,14,17,2,2,2
30148,Covington UCC,4074338,13,13,1,1,0
30148,Covington UCC,4074339,13,13,1,1,1
30148,Covington UCC,4074341,5,6,1,1,1
30148,Covington UCC,4074345,13,14,2,2,0
30148,Covington UCC,4074346,13,14,2,2,2
30148,Covington UCC,4074347,6,11,1,1,0
30148,Covington UCC,4074348,5,8,2,2,2
30148,Covington UCC,4074350,10,14,2,2,0
30148,Covington UCC,4074351,10,14,2,2,1
30148,Covington UCC,4074352,11,13,1,1,1
30148,Covington UCC,4074353,7,13,2,2,1
30148,Covington UCC,4074354,9,10,1,1,1
30148,Covington UCC,4074356,2,7,1,1,1
30148,Covington UCC,4074359,8,10,1,1,0
30148,Covington UCC,4074360,5,63,2,2,2
30148,Covington UCC,4074361,6,149,1,1,0
30148,Covington UCC,4074362,6,149,1,1,1
30148,Covington UCC,4074363,11,18,2,2,0
30148,Covington UCC,4074364,9,16,3,3,1
30148,Covington UCC,4074365,6,34,4,4,2
30148,Covington UCC,4074366,4,56,2,2,2
30148,Covington UCC,4074367,62,64,1,1,0
30148,Covington UCC,4074368,34,37,2,2,0
30148,Covington UCC,4074369,34,37,2,2,1
30148,Covington UCC,4074370,62,64,1,1,0
30148,Covington UCC,4074371,46,49,2,2,0
30148,Covington UCC,4074372,46,49,2,2,0
30148,Covington UCC,4074373,46,49,2,2,1
30148,Covington UCC,4074374,30,35,1,1,1
30148,Covington UCC,4074375,12,24,1,1,0
30148,Covington UCC,4074376,12,24,1,1,1
30148,Covington UCC,4074379,14,15,2,2,0
30148,Covington UCC,4074380,14,15,2,2,1
30148,Covington UCC,4074381,11,14,2,2,1
30148,Covington UCC,4074382,4,7,2,2,2
30148,Covington UCC,4074386,6,6,1,1,1
30148,Covington UCC,4074387,6,11,3,3,2
30148,Covington UCC,4074388,9,17,1,1,1
30148,Covington UCC,4074389,1,7,1,1,1
30148,Covington UCC,4074402,4,7,1,1,0
30148,Covington UCC,4074403,4,7,2,2,2
30148,Covington UCC,4074404,3,8,1,1,1
30148,Covington UCC,4074407,4,6,1,1,1
30148,Covington UCC,4074409,4,6,1,1,0
30148,Covington UCC,4074410,4,6,1,1,1
30148,Covington UCC,4074411,1,10,1,1,1
30148,Covington UCC,4074412,8,10,1,1,0
30148,Covington UCC,4074413,8,10,1,1,1
30148,Covington UCC,4074415,7,9,1,1,0
30148,Covington UCC,4074416,7,9,1,1,1
30148,Covington UCC,4074419,4,8,1,1,1
30148,Covington UCC,4074422,5,14,2,2,0
30148,Covington UCC,4074423,5,14,2,2,2
30148,Covington UCC,4074428,5,6,2,2,1
30148,Covington UCC,4074429,5,8,1,1,1
30148,Covington UCC,4074430,6,7,1,1,1
30148,Covington UCC,4074432,5,8,2,2,1
30148,Covington UCC,4074433,5,11,3,3,2
30148,Covington UCC,4074434,6,17,1,1,1
30148,Covington UCC,4074437,2,9,1,1,1
30148,Covington UCC,4074439,4,10,1,1,0
30148,Covington UCC,4074440,2,7,3,3,3
30148,Covington UCC,4074441,7,12,2,2,0
30148,Covington UCC,4074442,7,12,2,2,2
30148,Covington UCC,4074444,6,10,1,1,0
30148,Covington UCC,4074445,7,13,3,3,1
30148,Covington UCC,4074446,10,15,4,4,2
30148,Covington UCC,4074447,13,16,3,3,1
30148,Covington UCC,4074448,15,17,2,2,1
30148,Covington UCC,4074449,10,11,2,2,2
30148,Covington UCC,4074450,5,8,1,1,0
30148,Covington UCC,4074451,5,8,1,1,1
30148,Covington UCC,4074452,7,10,1,1,0
30148,Covington UCC,4074453,7,10,1,1,1
30148,Covington UCC,4074454,4,10,1,1,1
30148,Covington UCC,4074456,4,4,1,1,0
30148,Covington UCC,4074457,4,4,1,1,1
30148,Covington UCC,4074458,8,9,1,1,0
30148,Covington UCC,4074459,7,9,2,2,1
30148,Covington UCC,4074460,7,9,1,1,1
30148,Covington UCC,4074461,6,8,1,1,1
30148,Covington UCC,4074463,5,6,2,2,1
30148,Covington UCC,4074464,6,7,2,2,2
30148,Covington UCC,4074465,6,8,1,1,0
30148,Covington UCC,4074466,6,8,1,1,1
30148,Covington UCC,4074468,3,8,1,1,0
30148,Covington UCC,4074469,9,12,2,2,1
30148,Covington UCC,4074470,14,17,3,3,1
30148,Covington UCC,4074471,14,18,2,2,1
30148,Covington UCC,4074472,13,15,4,4,1
30148,Covington UCC,4074473,10,13,4,4,3
30148,Covington UCC,4074474,7,13,2,2,1
30148,Covington UCC,4074475,6,14,1,1,1
30148,Covington UCC,4074476,4,11,1,1,1
30148,Covington UCC,4074477,3,6,1,1,1
30148,Covington UCC,4074478,7,10,2,2,0
30148,Covington UCC,4074479,7,10,2,2,2
30148,Covington UCC,4074480,9,15,2,2,1
30148,Covington UCC,4074481,10,31,2,2,0
30148,Covington UCC,4074482,10,31,2,2,2
30148,Covington UCC,4074483,6,7,1,1,0
30148,Covington UCC,4074484,6,8,2,2,1
30148,Covington UCC,4074485,6,9,1,1,1
30148,Covington UCC,4074486,9,10,1,1,0
30148,Covington UCC,4074487,7,10,2,2,1
30148,Covington UCC,4074488,5,10,1,1,1
30148,Covington UCC,4074489,7,14,1,1,1
30401,Auburn UCC,4074009,4,10,2,2,1
30401,Auburn UCC,4074010,7,11,1,1,1
30401,Auburn UCC,4074011,9,11,2,2,0
30401,Auburn UCC,4074012,9,11,2,2,2
30401,Auburn UCC,4074013,12,87,1,1,0
30401,Auburn UCC,4074014,9,48,2,2,2
30401,Auburn UCC,4074015,7,9,1,1,0
30401,Auburn UCC,4074016,7,9,1,1,1
30401,Auburn UCC,4074017,15,21,1,1,0
30401,Auburn UCC,4074018,15,21,1,1,1
30401,Auburn UCC,4074019,9,13,1,1,0
30401,Auburn UCC,4074020,9,12,2,2,1
30401,Auburn UCC,4074021,9,11,1,1,1
30401,Auburn UCC,4074022,7,11,1,1,0
30401,Auburn UCC,4074023,8,14,2,2,1
30401,Auburn UCC,4074024,10,17,1,1,1
30401,Auburn UCC,4074025,8,11,1,1,0
30401,Auburn UCC,4074026,8,11,1,1,1
30401,Auburn UCC,4074027,6,13,1,1,0
30401,Auburn UCC,4074028,8,13,2,2,1
30401,Auburn UCC,4074029,8,13,3,3,1
30401,Auburn UCC,4074030,7,13,2,2,2
30401,Auburn UCC,4074032,6,7,1,1,0
30401,Auburn UCC,4074033,7,10,2,2,1
30401,Auburn UCC,4074034,13,24,2,2,1
30401,Auburn UCC,4074035,18,35,1,1,0
30401,Auburn UCC,4074036,18,35,1,1,1
30401,Auburn UCC,4074037,5,12,1,1,0
30401,Auburn UCC,4074038,9,14,2,2,1
30401,Auburn UCC,4074039,9,13,3,3,1
30401,Auburn UCC,4074040,8,11,2,2,2
30401,Auburn UCC,4074042,8,9,1,1,0
30401,Auburn UCC,4074043,7,9,2,2,2
30401,Auburn UCC,4074044,14,16,1,1,0
30401,Auburn UCC,4074045,16,20,4,4,2
30401,Auburn UCC,4074046,23,24,3,3,0
30401,Auburn UCC,4074047,23,25,5,5,1
30401,Auburn UCC,4074048,24,26,4,4,2
30401,Auburn UCC,4074049,26,28,3,3,1
30401,Auburn UCC,4074050,26,29,3,3,1
30401,Auburn UCC,4074051,20,22,3,3,0
30401,Auburn UCC,4074052,23,25,5,5,2
30401,Auburn UCC,4074053,24,26,4,4,1
30401,Auburn UCC,4074054,29,31,5,5,1
30401,Auburn UCC,4074055,30,32,4,4,2
30401,Auburn UCC,4074056,33,34,2,2,0
30401,Auburn UCC,4074057,31,33,3,3,1
30401,Auburn UCC,4074058,26,30,3,3,1
30401,Auburn UCC,4074059,20,25,4,4,2
30401,Auburn UCC,4074060,34,36,2,2,1
30401,Auburn UCC,4074061,39,42,1,1,0
30401,Auburn UCC,4074062,27,31,2,2,0
30401,Auburn UCC,4074063,25,28,3,3,1
30401,Auburn UCC,4074064,18,21,2,2,1
30401,Auburn UCC,4074065,14,15,2,2,1
30401,Auburn UCC,4074066,6,12,2,2,1
30401,Auburn UCC,4074067,5,15,1,1,1
30401,Auburn UCC,4074068,14,17,1,1,0
30401,Auburn UCC,4074069,22,23,2,2,1
30401,Auburn UCC,4074070,28,29,2,2,0
30401,Auburn UCC,4074071,24,30,3,3,0
30401,Auburn UCC,4074072,24,29,4,4,2
30401,Auburn UCC,4074073,16,28,3,3,1
30401,Auburn UCC,4074074,12,24,3,3,2
30401,Auburn UCC,4074075,21,29,3,3,1
30401,Auburn UCC,4074076,15,28,3,3,1
30401,Auburn UCC,4074077,15,23,3,3,2
30401,Auburn UCC,4074078,15,20,2,2,0
30401,Auburn UCC,4074079,14,19,3,3,1
30401,Auburn UCC,4074080,15,19,3,3,2
30401,Auburn UCC,4074081,20,22,1,1,0
30401,Auburn UCC,4074082,20,22,1,1,1
30401,Auburn UCC,4074108,5,6,1,1,1
30401,Auburn UCC,4074110,9,15,1,1,1
30401,Auburn UCC,4074111,4,6,2,2,1
30401,Auburn UCC,4074112,4,6,1,1,1
30401,Auburn UCC,4074113,2,9,2,2,1
30401,Auburn UCC,4074114,5,14,1,1,1
30401,Auburn UCC,4074115,9,101,1,1,0
30401,Auburn UCC,4074116,9,101,1,1,1
30401,Auburn UCC,4074122,6,12,2,2,0
30401,Auburn UCC,4074123,7,11,3,3,2
30401,Auburn UCC,4074124,14,34,3,3,1
30401,Auburn UCC,4074125,25,48,3,3,0
30401,Auburn UCC,4074126,25,45,4,4,2
30401,Auburn UCC,4074127,33,43,2,2,0
30401,Auburn UCC,4074128,33,43,2,2,0
30401,Auburn UCC,4074129,28,36,3,3,2
30401,Auburn UCC,4074130,17,21,1,1,0
30401,Auburn UCC,4074131,37,41,3,3,1
30401,Auburn UCC,4074132,47,51,2,2,0
30401,Auburn UCC,4074133,47,51,2,2,0
30401,Auburn UCC,4074134,39,48,3,3,0
30401,Auburn UCC,4074135,36,43,4,4,1
30401,Auburn UCC,4074136,33,40,3,3,1
30401,Auburn UCC,4074137,20,27,3,3,1
30401,Auburn UCC,4074138,15,23,3,3,2
30401,Auburn UCC,4074139,14,24,3,3,2
30401,Auburn UCC,4074140,31,33,1,1,0
30401,Auburn UCC,4074141,38,49,4,4,0
30401,Auburn UCC,4074142,42,53,5,5,1
30401,Auburn UCC,4074143,54,68,6,6,2
30401,Auburn UCC,4074144,68,84,5,5,0
30401,Auburn UCC,4074145,68,84,5,5,0
30401,Auburn UCC,4074146,68,84,5,5,0
30401,Auburn UCC,4074147,71,87,7,7,0
30401,Auburn UCC,4074148,64,78,8,8,2
30401,Auburn UCC,4074149,65,78,7,7,1
30401,Auburn UCC,4074150,74,88,7,7,2
30401,Auburn UCC,4074151,76,89,5,5,1
30401,Auburn UCC,4074152,77,86,4,4,0
30401,Auburn UCC,4074153,77,86,4,4,1
30401,Auburn UCC,4074154,81,83,3,3,0
30401,Auburn UCC,4074155,81,83,3,3,0
30401,Auburn UCC,4074156,67,70,4,4,2
30401,Auburn UCC,4074157,42,45,5,5,0
30401,Auburn UCC,4074158,42,45,5,5,1
30401,Auburn UCC,4074159,34,38,6,6,2
30401,Auburn UCC,4074160,40,43,5,5,1
30401,Auburn UCC,4074161,43,46,4,4,0
30401,Auburn UCC,4074162,43,46,4,4,2
30401,Auburn UCC,4074163,45,48,3,3,0
30401,Auburn UCC,4074164,45,48,3,3,2
30401,Auburn UCC,4074165,36,39,1,1,0
30401,Auburn UCC,4074166,36,39,1,1,1
30401,Auburn UCC,4074168,9,12,1,1,0
30401,Auburn UCC,4074169,9,12,1,1,1
30401,Auburn UCC,4074170,6,8,1,1,0
30401,Auburn UCC,4074171,4,18,2,2,1
30401,Auburn UCC,4074172,3,29,1,1,1
30401,Auburn UCC,4074176,6,10,1,1,0
30401,Auburn UCC,4074177,6,10,1,1,1
30401,Auburn UCC,4074207,11,12,1,1,0
30401,Auburn UCC,4074208,13,15,3,3,1
30401,Auburn UCC,4074209,14,17,2,2,2
30401,Auburn UCC,4074210,9,19,2,2,0
30401,Auburn UCC,4074211,9,19,2,2,2
30401,Auburn UCC,4074213,28,28,1,1,0
30401,Auburn UCC,4074214,28,28,1,1,0
30401,Auburn UCC,4074215,24,29,2,2,0
30401,Auburn UCC,4074216,24,29,2,2,1
30401,Auburn UCC,4074217,15,21,3,3,1
30401,Auburn UCC,4074218,12,16,3,3,1
30401,Auburn UCC,4074219,15,18,2,2,2
30401,Auburn UCC,4074221,5,12,2,2,1
30401,Auburn UCC,4074222,10,13,2,2,0
30401,Auburn UCC,4074223,10,13,2,2,2
30401,Auburn UCC,4074224,18,24,2,2,0
30401,Auburn UCC,4074225,20,25,3,3,1
30401,Auburn UCC,4074226,25,26,3,3,1
30401,Auburn UCC,4074227,24,26,3,3,1
30401,Auburn UCC,4074228,22,23,3,3,0
30401,Auburn UCC,4074229,30,33,4,4,2
30401,Auburn UCC,4074230,30,38,3,3,1
30401,Auburn UCC,4074231,42,49,4,4,0
30401,Auburn UCC,4074232,42,49,4,4,1
30401,Auburn UCC,4074233,52,56,4,4,0
30401,Auburn UCC,4074234,56,59,6,6,0
30401,Auburn UCC,4074235,56,59,7,7,2
30401,Auburn UCC,4074236,53,55,7,6,0
30401,Auburn UCC,4074237,53,55,7,6,1
30401,Auburn UCC,4074238,53,54,6,5,1
30401,Auburn UCC,4074239,60,62,5,4,1
30401,Auburn UCC,4074240,61,63,4,3,2
30401,Auburn UCC,4074241,65,71,2,1,1
30401,Auburn UCC,4074242,61,0,1,0,1
30401,Auburn UCC,4074244,4,31,1,1,0
30401,Auburn UCC,4074245,4,31,1,1,1
30401,Auburn UCC,4074246,23,39,2,2,0
30401,Auburn UCC,4074247,23,39,2,2,0
30401,Auburn UCC,4074248,23,39,2,2,1
30401,Auburn UCC,4074249,25,29,2,2,1
30401,Auburn UCC,4074250,19,23,1,1,0
30401,Auburn UCC,4074251,10,20,2,2,2
30401,Auburn UCC,4074252,22,23,2,2,0
30401,Auburn UCC,4074253,22,23,2,2,0
30401,Auburn UCC,4074254,19,21,3,3,1
30401,Auburn UCC,4074255,20,28,3,3,2
30401,Auburn UCC,4074256,23,42,1,1,0
30401,Auburn UCC,4074257,23,42,1,1,1
30401,Auburn UCC,4074258,17,28,2,2,0
30401,Auburn UCC,4074259,17,28,2,2,0
30401,Auburn UCC,4074260,24,32,3,3,2
30401,Auburn UCC,4074261,27,30,2,2,0
30401,Auburn UCC,4074262,26,34,3,3,1
30401,Auburn UCC,4074263,32,42,2,2,0
30401,Auburn UCC,4074264,32,42,2,2,2
30401,Auburn UCC,4074265,18,24,2,2,0
30401,Auburn UCC,4074266,15,23,3,3,1
30401,Auburn UCC,4074267,16,27,4,4,1
30401,Auburn UCC,4074268,19,29,3,3,2
30401,Auburn UCC,4074269,7,66,2,2,2
30401,Auburn UCC,4074272,3,25,1,1,1
30401,Auburn UCC,4074274,18,21,2,2,0
30401,Auburn UCC,4074275,18,21,2,2,1
30401,Auburn UCC,4074276,25,26,1,1,0
30401,Auburn UCC,4074277,25,26,1,1,1
30401,Auburn UCC,4074308,5,6,1,1,0
30401,Auburn UCC,4074309,9,10,2,2,1
30401,Auburn UCC,4074310,13,14,1,1,1
30401,Auburn UCC,4074312,8,10,1,1,0
30401,Auburn UCC,4074313,8,10,2,2,1
30401,Auburn UCC,4074314,8,10,1,1,1
30401,Auburn UCC,4074317,6,8,1,1,0
30401,Auburn UCC,4074318,5,7,2,2,2
30401,Auburn UCC,4074321,11,11,1,1,0
30401,Auburn UCC,4074322,11,11,1,1,1
30401,Auburn UCC,4074323,6,7,1,1,0
30401,Auburn UCC,4074324,4,6,2,2,1
30401,Auburn UCC,4074325,5,6,2,2,2
30401,Auburn UCC,4074326,5,7,2,2,1
30401,Auburn UCC,4074327,6,8,1,1,1
30401,Auburn UCC,4074328,2,9,1,1,1
30401,Auburn UCC,4074329,11,21,1,1,0
30401,Auburn UCC,4074330,9,16,2,2,1
30401,Auburn UCC,4074331,8,11,1,1,1
30401,Auburn UCC,4074333,4,7,2,2,1
30401,Auburn UCC,4074334,7,16,3,3,1
30401,Auburn UCC,4074335,17,25,4,4,3
30401,Auburn UCC,4074336,48,48,1,1,0
30401,Auburn UCC,4074337,48,48,1,1,0
30401,Auburn UCC,4074338,34,35,2,2,0
30401,Auburn UCC,4074339,28,31,3,3,0
30401,Auburn UCC,4074340,28,31,3,3,2
30401,Auburn UCC,4074341,13,17,2,2,1
30401,Auburn UCC,4074342,9,12,1,1,1
30401,Auburn UCC,4074344,5,8,2,2,2
30401,Auburn UCC,4074345,19,23,2,2,0
30401,Auburn UCC,4074346,24,26,3,3,1
30401,Auburn UCC,4074347,28,30,2,2,1
30401,Auburn UCC,4074348,33,34,1,1,0
30401,Auburn UCC,4074349,17,19,3,3,1
30401,Auburn UCC,4074350,8,11,3,3,2
30401,Auburn UCC,4074351,8,11,3,3,1
30401,Auburn UCC,4074352,14,18,3,3,2
30401,Auburn UCC,4074353,25,32,1,1,0
30401,Auburn UCC,4074354,23,28,2,2,1
30401,Auburn UCC,4074355,15,18,2,2,0
30401,Auburn UCC,4074356,22,25,3,3,2
30401,Auburn UCC,4074357,25,27,3,3,0
30401,Auburn UCC,4074358,25,27,3,3,1
30401,Auburn UCC,4074359,28,30,5,5,1
30401,Auburn UCC,4074360,26,28,4,4,2
30401,Auburn UCC,4074361,26,27,3,3,0
30401,Auburn UCC,4074362,26,28,4,4,2
30401,Auburn UCC,4074363,25,27,3,3,1
30401,Auburn UCC,4074364,30,31,3,3,0
30401,Auburn UCC,4074365,30,32,4,4,1
30401,Auburn UCC,4074366,27,32,5,5,1
30401,Auburn UCC,4074367,23,33,5,5,1
30401,Auburn UCC,4074368,23,33,5,5,4
30401,Auburn UCC,4074369,32,36,1,1,0
30401,Auburn UCC,4074370,32,36,1,1,0
30401,Auburn UCC,4074371,32,36,1,1,0
30401,Auburn UCC,4074372,20,23,2,2,1
30401,Auburn UCC,4074373,5,15,2,2,2
30401,Auburn UCC,4074375,4,17,1,1,1
30401,Auburn UCC,4074376,6,8,1,1,1
30401,Auburn UCC,4074377,14,15,1,1,0
30401,Auburn UCC,4074378,14,15,1,1,1
30401,Auburn UCC,4074407,5,8,1,1,0
30401,Auburn UCC,4074408,5,8,2,2,2
30401,Auburn UCC,4074409,9,11,1,1,0
30401,Auburn UCC,4074410,9,11,1,1,1
30401,Auburn UCC,4074411,7,9,2,2,1
30401,Auburn UCC,4074412,8,9,1,1,1
30401,Auburn UCC,4074419,6,9,2,2,0
30401,Auburn UCC,4074420,6,9,2,2,2
30401,Auburn UCC,4074421,3,7,2,2,2
30401,Auburn UCC,4074422,7,9,1,1,0
30401,Auburn UCC,4074423,5,7,2,2,1
30401,Auburn UCC,4074424,3,5,1,1,1
30401,Auburn UCC,4074425,6,8,2,2,0
30401,Auburn UCC,4074426,7,10,3,3,2
30401,Auburn UCC,4074427,11,23,2,2,1
30401,Auburn UCC,4074428,8,30,2,2,2
30401,Auburn UCC,4074429,20,22,1,1,0
30401,Auburn UCC,4074430,20,25,3,3,0
30401,Auburn UCC,4074431,23,27,5,5,1
30401,Auburn UCC,4074432,30,36,6,6,2
30401,Auburn UCC,4074433,34,46,5,5,0
30401,Auburn UCC,4074434,34,48,7,7,2
30401,Auburn UCC,4074435,36,62,6,6,0
30401,Auburn UCC,4074436,34,61,7,7,3
30401,Auburn UCC,4074437,28,63,6,6,2
30401,Auburn UCC,4074438,24,69,4,4,2
30401,Auburn UCC,4074439,34,60,3,3,1
30401,Auburn UCC,4074440,45,59,2,2,0
30401,Auburn UCC,4074441,38,49,4,4,1
30401,Auburn UCC,4074442,32,44,4,4,0
30401,Auburn UCC,4074443,35,45,5,5,0
30401,Auburn UCC,4074444,35,44,6,6,3
30401,Auburn UCC,4074445,37,51,5,5,2
30401,Auburn UCC,4074446,40,44,5,5,1
30401,Auburn UCC,4074447,47,53,5,5,1
30401,Auburn UCC,4074448,48,55,5,5,1
30401,Auburn UCC,4074449,46,56,5,5,0
30401,Auburn UCC,4074450,45,53,6,6,1
30401,Auburn UCC,4074451,45,52,7,7,1
30401,Auburn UCC,4074452,46,51,6,6,1
30401,Auburn UCC,4074453,46,50,6,6,2
30401,Auburn UCC,4074454,49,51,4,4,1
30401,Auburn UCC,4074455,55,56,4,4,1
30401,Auburn UCC,4074456,60,61,3,3,0
30401,Auburn UCC,4074457,54,56,4,4,0
30401,Auburn UCC,4074458,54,56,4,4,1
30401,Auburn UCC,4074459,51,53,3,3,1
30401,Auburn UCC,4074460,49,51,2,2,0
30401,Auburn UCC,4074461,35,37,3,3,2
30401,Auburn UCC,4074462,6,8,1,1,1
30401,Auburn UCC,4074469,1,4,1,1,0
30401,Auburn UCC,4074470,2,4,2,2,2
30401,Auburn UCC,4074471,3,4,1,1,0
30401,Auburn UCC,4074472,4,6,2,2,1
30401,Auburn UCC,4074473,5,8,1,1,1
30401,Auburn UCC,4074474,1,10,1,1,1
30401,Auburn UCC,4074475,5,16,1,1,0
30401,Auburn UCC,4074476,9,15,2,2,1
30401,Auburn UCC,4074477,10,11,2,2,2
30401,Auburn UCC,4074479,1,7,1,1,1
70448,Westgate UCC,4074012,6,18,1,1,0
70448,Westgate UCC,4074013,11,22,3,3,2
70448,Westgate UCC,4074014,16,23,3,3,0
70448,Westgate UCC,4074015,13,19,5,5,3
70448,Westgate UCC,4074016,25,31,3,3,2
70448,Westgate UCC,4074017,32,38,2,2,0
70448,Westgate UCC,4074018,34,39,4,4,0
70448,Westgate UCC,4074019,38,43,5,5,0
70448,Westgate UCC,4074020,40,45,6,6,2
70448,Westgate UCC,4074021,44,49,4,4,1
70448,Westgate UCC,4074022,47,53,3,3,1
70448,Westgate UCC,4074023,37,55,4,4,0
70448,Westgate UCC,4074024,42,58,5,5,1
70448,Westgate UCC,4074025,40,58,4,4,2
70448,Westgate UCC,4074026,48,53,2,2,1
70448,Westgate UCC,4074027,59,64,2,2,0
70448,Westgate UCC,4074028,59,64,2,2,0
70448,Westgate UCC,4074029,55,60,3,3,0
70448,Westgate UCC,4074030,55,60,3,3,0
70448,Westgate UCC,4074031,50,55,4,4,1
70448,Westgate UCC,4074032,45,49,3,3,1
70448,Westgate UCC,4074033,35,39,3,3,0
70448,Westgate UCC,4074034,35,39,3,3,2
70448,Westgate UCC,4074035,28,33,3,3,1
70448,Westgate UCC,4074036,30,35,2,2,0
70448,Westgate UCC,4074037,39,44,4,4,1
70448,Westgate UCC,4074038,48,53,4,4,0
70448,Westgate UCC,4074039,51,55,5,5,0
70448,Westgate UCC,4074040,51,55,5,5,1
70448,Westgate UCC,4074041,53,58,5,5,1
70448,Westgate UCC,4074042,59,63,5,5,0
70448,Westgate UCC,4074043,60,65,6,6,2
70448,Westgate UCC,4074044,66,72,5,5,0
70448,Westgate UCC,4074045,66,72,5,5,1
70448,Westgate UCC,4074046,67,74,4,4,0
70448,Westgate UCC,4074047,67,74,4,4,1
70448,Westgate UCC,4074048,64,70,4,4,0
70448,Westgate UCC,4074049,63,68,5,5,1
70448,Westgate UCC,4074050,61,66,4,4,1
70448,Westgate UCC,4074051,51,58,5,5,1
70448,Westgate UCC,4074052,46,53,4,4,1
70448,Westgate UCC,4074053,46,56,3,3,1
70448,Westgate UCC,4074054,62,66,2,2,0
70448,Westgate UCC,4074055,49,53,3,3,1
70448,Westgate UCC,4074056,45,47,2,2,0
70448,Westgate UCC,4074057,35,38,3,3,1
70448,Westgate UCC,4074058,21,23,2,2,2
70448,Westgate UCC,4074059,21,26,1,1,0
70448,Westgate UCC,4074060,31,39,3,3,0
70448,Westgate UCC,4074061,37,44,5,5,1
70448,Westgate UCC,4074062,73,79,5,5,0
70448,Westgate UCC,4074063,71,77,6,6,1
70448,Westgate UCC,4074064,73,80,6,6,1
70448,Westgate UCC,4074065,80,88,5,5,1
70448,Westgate UCC,4074066,81,88,5,5,1
70448,Westgate UCC,4074067,82,89,5,5,0
70448,Westgate UCC,4074068,77,87,6,6,1
70448,Westgate UCC,4074069,83,91,5,5,1
70448,Westgate UCC,4074070,89,97,4,4,0
70448,Westgate UCC,4074071,81,88,5,5,1
70448,Westgate UCC,4074072,89,98,4,4,0
70448,Westgate UCC,4074073,89,98,4,4,2
70448,Westgate UCC,4074074,125,129,2,2,0
70448,Westgate UCC,4074075,88,94,3,3,0
70448,Westgate UCC,4074076,88,94,3,3,1
70448,Westgate UCC,4074077,109,114,2,2,1
70448,Westgate UCC,4074078,102,105,2,2,1
70448,Westgate UCC,4074079,107,113,2,2,0
70448,Westgate UCC,4074080,107,113,2,2,0
70448,Westgate UCC,4074081,107,113,2,2,1
70448,Westgate UCC,4074082,202,205,1,1,1
70448,Westgate UCC,4074113,12,17,1,1,0
70448,Westgate UCC,4074114,11,14,3,3,1
70448,Westgate UCC,4074115,10,12,2,2,2
70448,Westgate UCC,4074116,26,28,2,2,0
70448,Westgate UCC,4074117,29,33,3,3,1
70448,Westgate UCC,4074118,39,45,2,2,0
70448,Westgate UCC,4074119,39,45,2,2,0
70448,Westgate UCC,4074120,35,39,4,4,1
70448,Westgate UCC,4074121,36,39,4,4,1
70448,Westgate UCC,4074122,34,36,3,3,0
70448,Westgate UCC,4074123,34,36,3,3,2
70448,Westgate UCC,4074124,37,39,2,2,0
70448,Westgate UCC,4074125,37,39,2,2,1
70448,Westgate UCC,4074126,34,38,1,1,0
70448,Westgate UCC,4074127,34,38,1,1,1
70448,Westgate UCC,4074129,11,11,1,1,0
70448,Westgate UCC,4074130,11,11,1,1,1
70448,Westgate UCC,4074135,16,22,1,1,0
70448,Westgate UCC,4074136,16,22,1,1,0
70448,Westgate UCC,4074137,16,22,1,1,1
70448,Westgate UCC,4074138,14,16,1,1,0
70448,Westgate UCC,4074139,14,16,1,1,1
70448,Westgate UCC,4074142,7,13,1,1,1
70448,Westgate UCC,4074145,9,10,1,1,0
70448,Westgate UCC,4074146,12,21,3,3,1
70448,Westgate UCC,4074147,14,26,2,2,1
70448,Westgate UCC,4074148,29,38,2,2,0
70448,Westgate UCC,4074149,25,37,3,3,1
70448,Westgate UCC,4074150,25,36,2,2,1
70448,Westgate UCC,4074151,34,37,1,1,1
70448,Westgate UCC,4074152,47,55,1,1,0
70448,Westgate UCC,4074153,50,56,2,2,0
70448,Westgate UCC,4074154,51,58,3,3,0
70448,Westgate UCC,4074155,51,58,3,3,0
70448,Westgate UCC,4074156,51,58,3,3,0
70448,Westgate UCC,4074157,52,58,4,4,1
70448,Westgate UCC,4074158,60,64,4,4,1
70448,Westgate UCC,4074159,61,65,4,4,1
70448,Westgate UCC,4074160,66,69,4,4,0
70448,Westgate UCC,4074161,66,69,4,4,0
70448,Westgate UCC,4074162,66,69,6,6,0
70448,Westgate UCC,4074163,67,71,7,7,1
70448,Westgate UCC,4074164,71,75,7,7,0
70448,Westgate UCC,4074165,71,75,7,7,1
70448,Westgate UCC,4074166,64,77,7,7,1
70448,Westgate UCC,4074167,62,77,6,6,1
70448,Westgate UCC,4074168,72,76,5,5,2
70448,Westgate UCC,4074169,75,79,3,3,1
70448,Westgate UCC,4074170,63,68,3,3,0
70448,Westgate UCC,4074171,62,67,4,4,1
70448,Westgate UCC,4074172,58,63,3,3,1
70448,Westgate UCC,4074173,47,52,2,2,0
70448,Westgate UCC,4074174,47,52,2,2,1
70448,Westgate UCC,4074175,46,50,2,2,0
70448,Westgate UCC,4074176,46,50,2,2,0
70448,Westgate UCC,4074177,37,43,3,3,1
70448,Westgate UCC,4074178,26,31,3,3,1
70448,Westgate UCC,4074179,23,29,2,2,1
70448,Westgate UCC,4074180,27,28,1,1,0
70448,Westgate UCC,4074181,27,28,1,1,1
70448,Westgate UCC,4074182,11,16,2,2,0
70448,Westgate UCC,4074183,11,16,2,2,1
70448,Westgate UCC,4074184,13,19,1,1,1
70448,Westgate UCC,4074213,10,14,1,1,0
70448,Westgate UCC,4074214,8,13,2,2,1
70448,Westgate UCC,4074215,11,17,3,3,1
70448,Westgate UCC,4074216,18,25,4,4,1
70448,Westgate UCC,4074217,23,29,4,4,1
70448,Westgate UCC,4074218,19,25,4,4,1
70448,Westgate UCC,4074219,21,25,3,3,2
70448,Westgate UCC,4074220,19,22,2,2,1
70448,Westgate UCC,4074221,13,17,1,1,1
70448,Westgate UCC,4074224,11,14,1,1,0
70448,Westgate UCC,4074225,11,14,1,1,1
70448,Westgate UCC,4074228,5,10,1,1,1
70448,Westgate UCC,4074231,6,8,1,1,0
70448,Westgate UCC,4074232,6,8,1,1,1
70448,Westgate UCC,4074234,6,9,1,1,0
70448,Westgate UCC,4074235,5,8,2,2,2
70448,Westgate UCC,4074236,8,13,1,1,0
70448,Westgate UCC,4074237,9,13,2,2,1
70448,Westgate UCC,4074238,16,18,2,2,1
70448,Westgate UCC,4074239,22,24,1,1,0
70448,Westgate UCC,4074240,17,21,3,3,1
70448,Westgate UCC,4074241,14,20,2,2,1
70448,Westgate UCC,4074242,17,25,1,1,1
70448,Westgate UCC,4074243,17,18,1,1,0
70448,Westgate UCC,4074244,17,18,1,1,1
70448,Westgate UCC,4074246,10,21,1,1,0
70448,Westgate UCC,4074247,10,22,2,2,1
70448,Westgate UCC,4074248,19,26,3,3,1
70448,Westgate UCC,4074249,30,34,3,3,1
70448,Westgate UCC,4074250,36,42,2,2,0
70448,Westgate UCC,4074251,36,42,2,2,1
70448,Westgate UCC,4074252,33,40,2,2,0
70448,Westgate UCC,4074253,33,40,2,2,0
70448,Westgate UCC,4074254,30,34,4,4,2
70448,Westgate UCC,4074255,32,36,4,4,0
70448,Westgate UCC,4074256,35,42,5,5,1
70448,Westgate UCC,4074257,46,53,5,5,0
70448,Westgate UCC,4074258,48,54,6,6,1
70448,Westgate UCC,4074259,51,59,5,5,2
70448,Westgate UCC,4074260,60,69,3,3,0
70448,Westgate UCC,4074261,60,69,3,3,1
70448,Westgate UCC,4074262,59,61,3,3,0
70448,Westgate UCC,4074263,59,61,3,3,0
70448,Westgate UCC,4074264,50,53,4,4,1
70448,Westgate UCC,4074265,40,47,4,4,1
70448,Westgate UCC,4074266,28,36,3,3,1
70448,Westgate UCC,4074267,23,32,2,2,2
70448,Westgate UCC,4074268,17,23,1,1,0
70448,Westgate UCC,4074269,17,23,1,1,0
70448,Westgate UCC,4074270,17,23,1,1,1
70448,Westgate UCC,4074272,18,19,1,1,0
70448,Westgate UCC,4074273,27,28,2,2,0
70448,Westgate UCC,4074274,28,30,3,3,1
70448,Westgate UCC,4074275,33,36,2,2,0
70448,Westgate UCC,4074276,33,36,2,2,1
70448,Westgate UCC,4074277,31,35,1,1,1
70448,Westgate UCC,4074280,7,17,1,1,0
70448,Westgate UCC,4074281,7,17,1,1,1
70448,Westgate UCC,4074282,4,6,1,1,0
70448,Westgate UCC,4074283,4,6,1,1,1
70448,Westgate UCC,4074314,5,8,1,1,1
70448,Westgate UCC,4074317,6,11,1,1,0
70448,Westgate UCC,4074318,6,11,1,1,1
70448,Westgate UCC,4074319,1,22,1,1,1
70448,Westgate UCC,4074320,23,25,1,1,0
70448,Westgate UCC,4074321,23,25,1,1,0
70448,Westgate UCC,4074322,18,29,2,2,1
70448,Westgate UCC,4074323,24,37,2,2,1
70448,Westgate UCC,4074324,17,27,2,2,1
70448,Westgate UCC,4074325,27,32,3,3,0
70448,Westgate UCC,4074326,27,32,3,3,2
70448,Westgate UCC,4074327,39,43,3,3,0
70448,Westgate UCC,4074328,36,40,4,4,1
70448,Westgate UCC,4074329,39,44,3,3,1
70448,Westgate UCC,4074330,47,51,2,2,0
70448,Westgate UCC,4074331,47,51,2,2,1
70448,Westgate UCC,4074332,50,53,2,2,0
70448,Westgate UCC,4074333,50,53,2,2,1
70448,Westgate UCC,4074334,36,37,1,1,0
70448,Westgate UCC,4074335,36,37,1,1,0
70448,Westgate UCC,4074336,23,24,2,2,1
70448,Westgate UCC,4074337,6,11,2,2,1
70448,Westgate UCC,4074338,6,15,2,2,1
70448,Westgate UCC,4074339,10,19,1,1,1
70448,Westgate UCC,4074340,31,34,2,2,0
70448,Westgate UCC,4074341,31,34,2,2,0
70448,Westgate UCC,4074342,26,41,3,3,0
70448,Westgate UCC,4074343,24,36,4,4,2
70448,Westgate UCC,4074344,16,38,2,2,1
70448,Westgate UCC,4074345,11,18,2,2,1
70448,Westgate UCC,4074346,5,16,1,1,1
70448,Westgate UCC,4074347,14,17,1,1,0
70448,Westgate UCC,4074348,18,22,2,2,1
70448,Westgate UCC,4074349,26,39,3,3,0
70448,Westgate UCC,4074350,22,40,4,4,0
70448,Westgate UCC,4074351,29,51,6,6,4
70448,Westgate UCC,4074352,48,60,4,4,0
70448,Westgate UCC,4074353,48,60,4,4,1
70448,Westgate UCC,4074354,51,64,3,3,1
70448,Westgate UCC,4074355,51,56,5,5,0
70448,Westgate UCC,4074356,51,56,5,5,0
70448,Westgate UCC,4074357,51,56,5,5,1
70448,Westgate UCC,4074358,52,56,4,4,1
70448,Westgate UCC,4074359,58,62,3,3,0
70448,Westgate UCC,4074360,58,62,3,3,3
70448,Westgate UCC,4074364,26,39,2,2,0
70448,Westgate UCC,4074365,28,43,4,4,1
70448,Westgate UCC,4074366,35,49,4,4,1
70448,Westgate UCC,4074367,43,51,4,4,0
70448,Westgate UCC,4074368,43,51,4,4,1
70448,Westgate UCC,4074369,46,49,3,3,0
70448,Westgate UCC,4074370,46,49,3,3,1
70448,Westgate UCC,4074371,45,49,2,2,1
70448,Westgate UCC,4074372,30,33,2,2,1
70448,Westgate UCC,4074373,17,20,2,2,1
70448,Westgate UCC,4074374,17,20,2,2,0
70448,Westgate UCC,4074375,17,20,2,2,1
70448,Westgate UCC,4074376,11,14,2,2,1
70448,Westgate UCC,4074377,9,11,1,1,1
70448,Westgate UCC,4074379,5,9,1,1,0
70448,Westgate UCC,4074380,7,10,2,2,1
70448,Westgate UCC,4074381,9,14,2,2,1
70448,Westgate UCC,4074382,10,16,1,1,1
70448,Westgate UCC,4074413,32,34,1,1,0
70448,Westgate UCC,4074414,21,25,2,2,0
70448,Westgate UCC,4074415,21,25,2,2,1
70448,Westgate UCC,4074416,17,21,3,3,1
70448,Westgate UCC,4074417,13,18,3,3,2
70448,Westgate UCC,4074418,17,31,3,3,0
70448,Westgate UCC,4074419,17,31,3,3,2
70448,Westgate UCC,4074420,16,20,2,2,1
70448,Westgate UCC,4074421,12,19,1,1,1
70448,Westgate UCC,4074422,16,26,1,1,0
70448,Westgate UCC,4074423,16,26,1,1,1
70448,Westgate UCC,4074425,19,25,1,1,0
70448,Westgate UCC,4074426,19,25,1,1,0
70448,Westgate UCC,4074427,21,25,2,2,1
70448,Westgate UCC,4074428,22,24,2,2,0
70448,Westgate UCC,4074429,23,30,4,4,1
70448,Westgate UCC,4074430,33,41,4,4,1
70448,Westgate UCC,4074431,54,63,4,4,1
70448,Westgate UCC,4074432,64,76,3,3,1
70448,Westgate UCC,4074433,63,70,3,3,0
70448,Westgate UCC,4074434,63,70,3,3,0
70448,Westgate UCC,4074435,49,55,5,5,1
70448,Westgate UCC,4074436,56,61,4,4,1
70448,Westgate UCC,4074437,40,46,4,4,1
70448,Westgate UCC,4074438,46,52,4,4,2
70448,Westgate UCC,4074439,60,66,3,3,0
70448,Westgate UCC,4074440,60,66,3,3,1
70448,Westgate UCC,4074441,70,74,3,3,0
70448,Westgate UCC,4074442,57,71,4,4,1
70448,Westgate UCC,4074443,42,57,3,3,0
70448,Westgate UCC,4074444,41,58,4,4,2
70448,Westgate UCC,4074445,47,60,2,2,0
70448,Westgate UCC,4074446,47,60,2,2,1
70448,Westgate UCC,4074447,44,58,2,2,0
70448,Westgate UCC,4074448,44,58,2,2,1
70448,Westgate UCC,4074449,42,43,2,2,0
70448,Westgate UCC,4074450,42,43,2,2,0
70448,Westgate UCC,4074451,39,41,3,3,0
70448,Westgate UCC,4074452,39,41,3,3,1
70448,Westgate UCC,4074453,33,35,2,2,1
70448,Westgate UCC,4074454,23,26,2,2,1
70448,Westgate UCC,4074455,16,20,2,2,0
70448,Westgate UCC,4074456,16,23,3,3,1
70448,Westgate UCC,4074457,17,28,2,2,2
70448,Westgate UCC,4074460,6,9,1,1,0
70448,Westgate UCC,4074461,6,9,1,1,1
70448,Westgate UCC,4074462,11,14,1,1,0
70448,Westgate UCC,4074463,11,14,1,1,1
70448,Westgate UCC,4074464,29,30,1,1,0
70448,Westgate UCC,4074465,29,30,1,1,0
70448,Westgate UCC,4074466,19,28,2,2,0
70448,Westgate UCC,4074467,19,28,2,2,2
70448,Westgate UCC,4074468,8,40,1,1,0
70448,Westgate UCC,4074469,22,39,2,2,1
70448,Westgate UCC,4074470,36,39,1,1,0
70448,Westgate UCC,4074471,28,31,2,2,0
70448,Westgate UCC,4074472,28,31,2,2,1
70448,Westgate UCC,4074473,20,23,1,1,1
70448,Westgate UCC,4074474,8,14,2,2,1
70448,Westgate UCC,4074475,16,19,1,1,1
70548,Lakewood UCC,4074013,7,10,1,1,0
70548,Lakewood UCC,4074014,4,9,3,3,2
70548,Lakewood UCC,4074015,6,15,3,3,1
70548,Lakewood UCC,4074016,7,18,2,2,2
70548,Lakewood UCC,4074017,12,18,2,2,0
70548,Lakewood UCC,4074018,10,17,3,3,1
70548,Lakewood UCC,4074019,13,19,3,3,2
70548,Lakewood UCC,4074020,24,28,3,3,0
70548,Lakewood UCC,4074021,24,28,3,3,1
70548,Lakewood UCC,4074022,27,31,2,2,1
70548,Lakewood UCC,4074023,15,22,2,2,1
70548,Lakewood UCC,4074024,1,11,1,1,1
70548,Lakewood UCC,4074025,4,11,1,1,1
70548,Lakewood UCC,4074027,5,16,1,1,1
70548,Lakewood UCC,4074028,19,24,1,1,0
70548,Lakewood UCC,4074029,19,24,1,1,0
70548,Lakewood UCC,4074030,19,24,1,1,1
70548,Lakewood UCC,4074031,11,18,1,1,0
70548,Lakewood UCC,4074032,8,14,2,2,1
70548,Lakewood UCC,4074033,8,18,4,4,3
70548,Lakewood UCC,4074034,28,30,3,3,0
70548,Lakewood UCC,4074035,28,30,3,3,0
70548,Lakewood UCC,4074036,25,28,4,4,1
70548,Lakewood UCC,4074037,20,27,4,4,1
70548,Lakewood UCC,4074038,18,27,3,3,3
70548,Lakewood UCC,4074039,6,18,1,1,0
70548,Lakewood UCC,4074040,3,21,2,2,2
70548,Lakewood UCC,4074044,10,15,1,1,0
70548,Lakewood UCC,4074045,5,11,2,2,2
70548,Lakewood UCC,4074046,9,15,2,2,0
70548,Lakewood UCC,4074047,12,22,3,3,2
70548,Lakewood UCC,4074048,17,38,1,1,0
70548,Lakewood UCC,4074049,9,23,2,2,2
70548,Lakewood UCC,4074050,6,10,1,1,1
70548,Lakewood UCC,4074051,9,13,1,1,0
70548,Lakewood UCC,4074052,15,20,3,3,1
70548,Lakewood UCC,4074053,21,27,3,3,1
70548,Lakewood UCC,4074054,24,33,4,4,0
70548,Lakewood UCC,4074055,23,35,5,5,1
70548,Lakewood UCC,4074056,23,36,5,5,3
70548,Lakewood UCC,4074057,22,39,2,2,1
70548,Lakewood UCC,4074058,18,30,2,2,0
70548,Lakewood UCC,4074059,13,27,4,4,3
70548,Lakewood UCC,4074060,17,22,2,2,1
70548,Lakewood UCC,4074061,18,31,2,2,0
70548,Lakewood UCC,4074062,18,31,2,2,2
70548,Lakewood UCC,4074064,15,23,2,2,0
70548,Lakewood UCC,4074065,15,23,2,2,2
70548,Lakewood UCC,4074067,9,14,1,1,0
70548,Lakewood UCC,4074068,6,12,2,2,2
70548,Lakewood UCC,4074069,10,11,1,1,0
70548,Lakewood UCC,4074070,10,11,1,1,1
70548,Lakewood UCC,4074079,3,7,1,1,1
70548,Lakewood UCC,4074112,13,21,1,1,0
70548,Lakewood UCC,4074113,16,20,3,3,0
70548,Lakewood UCC,4074114,20,30,5,5,2
70548,Lakewood UCC,4074115,25,36,4,4,1
70548,Lakewood UCC,4074116,23,37,5,5,1
70548,Lakewood UCC,4074117,23,40,4,4,1
70548,Lakewood UCC,4074118,19,29,5,5,3
70548,Lakewood UCC,4074119,27,33,3,3,1
70548,Lakewood UCC,4074120,33,36,3,3,0
70548,Lakewood UCC,4074121,34,39,5,5,1
70548,Lakewood UCC,4074122,37,41,4,4,0
70548,Lakewood UCC,4074123,37,41,4,4,1
70548,Lakewood UCC,4074124,41,46,3,3,2
70548,Lakewood UCC,4074125,21,27,4,4,1
70548,Lakewood UCC,4074126,22,27,5,5,1
70548,Lakewood UCC,4074127,23,29,4,4,2
70548,Lakewood UCC,4074128,31,35,2,2,0
70548,Lakewood UCC,4074129,31,35,2,2,2
70548,Lakewood UCC,4074131,6,9,1,1,1
70548,Lakewood UCC,4074134,1,15,1,1,1
70548,Lakewood UCC,4074135,4,9,1,1,1
70548,Lakewood UCC,4074136,17,24,3,3,1
70548,Lakewood UCC,4074137,23,31,2,2,0
70548,Lakewood UCC,4074138,23,31,2,2,1
70548,Lakewood UCC,4074139,18,32,2,2,0
70548,Lakewood UCC,4074140,18,32,2,2,2
70548,Lakewood UCC,4074141,10,12,1,1,0
70548,Lakewood UCC,4074142,10,12,1,1,1
70548,Lakewood UCC,4074143,5,8,1,1,1
70548,Lakewood UCC,4074144,6,7,1,1,1
70548,Lakewood UCC,4074148,2,16,1,1,1
70548,Lakewood UCC,4074153,3,9,1,1,1
70548,Lakewood UCC,4074157,5,10,1,1,1
70548,Lakewood UCC,4074158,1,10,1,1,0
70548,Lakewood UCC,4074159,5,12,3,3,1
70548,Lakewood UCC,4074160,6,20,3,3,2
70548,Lakewood UCC,4074161,10,21,3,3,1
70548,Lakewood UCC,4074162,13,15,2,2,1
70548,Lakewood UCC,4074163,15,17,1,1,1
70548,Lakewood UCC,4074164,7,9,1,1,1
70548,Lakewood UCC,4074167,4,8,2,2,2
70548,Lakewood UCC,4074168,3,4,1,1,1
70548,Lakewood UCC,4074169,7,11,1,1,1
70548,Lakewood UCC,4074174,1,7,1,1,1
70548,Lakewood UCC,4074178,5,6,1,1,1
70548,Lakewood UCC,4074179,4,11,1,1,0
70548,Lakewood UCC,4074180,5,9,2,2,1
70548,Lakewood UCC,4074181,6,8,1,1,1
70548,Lakewood UCC,4074212,19,25,1,1,0
70548,Lakewood UCC,4074213,19,25,1,1,0
70548,Lakewood UCC,4074214,19,25,1,1,1
70548,Lakewood UCC,4074215,6,9,1,1,0
70548,Lakewood UCC,4074216,7,9,2,2,1
70548,Lakewood UCC,4074217,4,10,2,2,2
70548,Lakewood UCC,4074219,1,30,1,1,0
70548,Lakewood UCC,4074220,1,30,1,1,1
70548,Lakewood UCC,4074223,0,11,1,1,1
70548,Lakewood UCC,4074224,2,7,1,1,0
70548,Lakewood UCC,4074225,5,8,2,2,1
70548,Lakewood UCC,4074226,7,8,2,2,2
70548,Lakewood UCC,4074229,0,9,1,1,1
70548,Lakewood UCC,4074233,5,11,1,1,1
70548,Lakewood UCC,4074235,2,11,2,2,2
70548,Lakewood UCC,4074243,9,9,1,1,1
70548,Lakewood UCC,4074244,2,38,1,1,1
70548,Lakewood UCC,4074248,6,9,1,1,0
70548,Lakewood UCC,4074249,3,8,2,2,2
70548,Lakewood UCC,4074250,4,8,1,1,1
70548,Lakewood UCC,4074251,8,12,2,2,0
70548,Lakewood UCC,4074252,8,12,2,2,2
70548,Lakewood UCC,4074253,2,10,1,1,0
70548,Lakewood UCC,4074254,2,10,1,1,1
70548,Lakewood UCC,4074255,7,10,2,2,1
70548,Lakewood UCC,4074256,9,26,3,3,1
70548,Lakewood UCC,4074257,13,26,2,2,1
70548,Lakewood UCC,4074258,15,39,1,1,1
70548,Lakewood UCC,4074260,4,7,1,1,0
70548,Lakewood UCC,4074261,3,10,2,2,2
70548,Lakewood UCC,4074262,6,8,1,1,0
70548,Lakewood UCC,4074263,4,13,2,2,2
70548,Lakewood UCC,4074264,7,20,1,1,1
70548,Lakewood UCC,4074267,14,19,1,1,0
70548,Lakewood UCC,4074268,11,26,3,2,0
70548,Lakewood UCC,4074269,11,26,3,2,3
70548,Lakewood UCC,4074278,3,0,1,0,0
70548,Lakewood UCC,4074279,1,13,2,1,2
70548,Lakewood UCC,4074280,2,13,1,1,1
70548,Lakewood UCC,4074283,2,6,1,1,0
70548,Lakewood UCC,4074284,2,6,1,1,1
70548,Lakewood UCC,4074312,19,37,1,1,0
70548,Lakewood UCC,4074313,23,48,4,4,0
70548,Lakewood UCC,4074314,23,48,4,4,3
70548,Lakewood UCC,4074315,36,54,3,3,1
70548,Lakewood UCC,4074316,51,58,2,2,0
70548,Lakewood UCC,4074317,48,53,4,4,0
70548,Lakewood UCC,4074318,39,56,5,5,1
70548,Lakewood UCC,4074319,38,58,5,5,1
70548,Lakewood UCC,4074320,46,55,4,4,1
70548,Lakewood UCC,4074321,45,55,3,3,1
70548,Lakewood UCC,4074322,35,55,3,3,1
70548,Lakewood UCC,4074323,51,63,2,2,2
70548,Lakewood UCC,4074324,28,42,1,1,0
70548,Lakewood UCC,4074325,40,49,2,2,0
70548,Lakewood UCC,4074326,31,46,3,3,1
70548,Lakewood UCC,4074327,38,50,3,3,1
70548,Lakewood UCC,4074328,37,41,3,3,0
70548,Lakewood UCC,4074329,36,41,4,4,1
70548,Lakewood UCC,4074330,45,50,3,3,0
70548,Lakewood UCC,4074331,35,45,4,4,2
70548,Lakewood UCC,4074332,34,40,4,4,1
70548,Lakewood UCC,4074333,30,36,3,3,1
70548,Lakewood UCC,4074334,28,34,2,2,1
70548,Lakewood UCC,4074335,28,35,1,1,1
70548,Lakewood UCC,4074340,7,11,1,1,1
70548,Lakewood UCC,4074341,1,7,1,1,1
70548,Lakewood UCC,4074342,33,41,1,1,0
70548,Lakewood UCC,4074343,33,41,1,1,0
70548,Lakewood UCC,4074344,33,41,1,1,0
70548,Lakewood UCC,4074345,33,41,1,1,1
70548,Lakewood UCC,4074346,22,36,2,2,0
70548,Lakewood UCC,4074347,19,45,3,3,0
70548,Lakewood UCC,4074348,19,45,3,3,2
70548,Lakewood UCC,4074349,38,43,2,2,1
70548,Lakewood UCC,4074350,27,47,2,2,0
70548,Lakewood UCC,4074351,27,47,2,2,1
70548,Lakewood UCC,4074352,47,51,1,1,0
70548,Lakewood UCC,4074353,47,51,1,1,0
70548,Lakewood UCC,4074354,44,58,2,2,1
70548,Lakewood UCC,4074355,34,49,2,2,0
70548,Lakewood UCC,4074356,26,45,3,3,0
70548,Lakewood UCC,4074357,26,45,3,3,1
70548,Lakewood UCC,4074358,32,44,3,3,2
70548,Lakewood UCC,4074359,17,36,2,2,1
70548,Lakewood UCC,4074360,29,33,1,1,0
70548,Lakewood UCC,4074361,29,33,1,1,1
70548,Lakewood UCC,4074363,11,16,1,1,0
70548,Lakewood UCC,4074364,7,40,2,2,1
70548,Lakewood UCC,4074365,3,64,1,1,1
70548,Lakewood UCC,4074369,14,16,1,1,0
70548,Lakewood UCC,4074370,14,16,1,1,1
70548,Lakewood UCC,4074375,5,7,1,1,0
70548,Lakewood UCC,4074376,5,7,1,1,1
70548,Lakewood UCC,4074380,4,5,1,1,1
70548,Lakewood UCC,4074384,2,9,1,1,1
70548,Lakewood UCC,4074412,27,29,1,1,0
70548,Lakewood UCC,4074413,24,25,3,3,0
70548,Lakewood UCC,4074414,24,25,3,3,0
70548,Lakewood UCC,4074415,19,24,4,4,2
70548,Lakewood UCC,4074416,17,22,4,4,2
70548,Lakewood UCC,4074417,20,22,3,3,0
70548,Lakewood UCC,4074418,29,35,7,7,3
70548,Lakewood UCC,4074419,40,42,4,4,1
70548,Lakewood UCC,4074420,46,48,3,3,0
70548,Lakewood UCC,4074421,46,48,3,3,0
70548,Lakewood UCC,4074422,39,43,5,5,1
70548,Lakewood UCC,4074423,38,43,5,5,3
70548,Lakewood UCC,4074424,41,43,2,2,0
70548,Lakewood UCC,4074425,36,38,4,4,0
70548,Lakewood UCC,4074426,43,45,7,7,0
70548,Lakewood UCC,4074427,43,45,7,7,2
70548,Lakewood UCC,4074428,45,47,6,6,2
70548,Lakewood UCC,4074429,52,53,5,5,0
70548,Lakewood UCC,4074430,52,53,5,5,1
70548,Lakewood UCC,4074431,55,56,4,4,0
70548,Lakewood UCC,4074432,54,55,5,5,2
70548,Lakewood UCC,4074433,51,51,3,3,1
70548,Lakewood UCC,4074434,40,42,4,4,1
70548,Lakewood UCC,4074435,37,39,4,4,0
70548,Lakewood UCC,4074436,31,33,5,5,1
70548,Lakewood UCC,4074437,29,33,5,5,1
70548,Lakewood UCC,4074438,35,38,5,5,2
70548,Lakewood UCC,4074439,29,34,4,4,2
70548,Lakewood UCC,4074440,34,35,3,3,0
70548,Lakewood UCC,4074441,34,35,3,3,1
70548,Lakewood UCC,4074442,29,31,3,3,1
70548,Lakewood UCC,4074443,28,29,3,3,1
70548,Lakewood UCC,4074444,26,27,2,2,1
70548,Lakewood UCC,4074445,30,34,2,2,0
70548,Lakewood UCC,4074446,30,34,2,2,1
70548,Lakewood UCC,4074447,28,37,1,1,1
70548,Lakewood UCC,4074451,6,7,1,1,1
70548,Lakewood UCC,4074452,6,7,1,1,0
70548,Lakewood UCC,4074453,11,16,3,3,2
70548,Lakewood UCC,4074454,29,29,1,1,0
70548,Lakewood UCC,4074455,23,26,2,2,0
70548,Lakewood UCC,4074456,19,21,3,3,1
70548,Lakewood UCC,4074457,15,18,2,2,2
70548,Lakewood UCC,4074458,4,7,2,2,1
70548,Lakewood UCC,4074459,17,19,2,2,1
70548,Lakewood UCC,4074460,27,30,2,2,0
70548,Lakewood UCC,4074461,26,29,3,3,1
70548,Lakewood UCC,4074462,26,28,2,2,0
70548,Lakewood UCC,4074463,26,28,3,3,1
70548,Lakewood UCC,4074464,17,19,3,3,2
70548,Lakewood UCC,4074465,26,27,1,1,1
70548,Lakewood UCC,4074467,6,10,1,1,0
70548,Lakewood UCC,4074468,6,10,1,1,1
70548,Lakewood UCC,4074469,6,13,1,1,0
70548,Lakewood UCC,4074470,9,12,3,3,2
70548,Lakewood UCC,4074471,16,16,1,1,1
70548,Lakewood UCC,4074475,4,6,1,1,1
70548,Lakewood UCC,4074476,10,11,1,1,0
70548,Lakewood UCC,4074477,9,10,2,2,1
70548,Lakewood UCC,4074478,9,10,1,1,1
70648,Gig Harbor UCC,4074004,10,14,2,2,1
70648,Gig Harbor UCC,4074005,17,20,1,1,0
70648,Gig Harbor UCC,4074006,10,14,2,2,1
70648,Gig Harbor UCC,4074007,4,8,1,1,1
70648,Gig Harbor UCC,4074010,5,8,1,1,0
70648,Gig Harbor UCC,4074011,5,8,1,1,1
70648,Gig Harbor UCC,4074014,3,7,1,1,0
70648,Gig Harbor UCC,4074015,3,7,1,1,1
70648,Gig Harbor UCC,4074019,11,16,1,1,0
70648,Gig Harbor UCC,4074020,11,16,1,1,1
70648,Gig Harbor UCC,4074021,0,5,1,1,1
70648,Gig Harbor UCC,4074022,12,14,2,2,1
70648,Gig Harbor UCC,4074023,18,20,1,1,0
70648,Gig Harbor UCC,4074024,18,20,1,1,1
70648,Gig Harbor UCC,4074025,13,17,2,2,1
70648,Gig Harbor UCC,4074026,14,27,3,3,0
70648,Gig Harbor UCC,4074027,17,33,4,4,2
70648,Gig Harbor UCC,4074028,25,40,4,3,1
70648,Gig Harbor UCC,4074029,26,47,3,2,1
70648,Gig Harbor UCC,4074030,33,47,2,2,1
70648,Gig Harbor UCC,4074031,41,45,3,3,0
70648,Gig Harbor UCC,4074032,48,51,4,4,1
70648,Gig Harbor UCC,4074033,51,55,3,3,0
70648,Gig Harbor UCC,4074034,51,55,3,3,0
70648,Gig Harbor UCC,4074035,51,55,3,3,2
70648,Gig Harbor UCC,4074036,56,60,2,2,0
70648,Gig Harbor UCC,4074037,39,115,3,3,1
70648,Gig Harbor UCC,4074038,46,50,3,3,0
70648,Gig Harbor UCC,4074039,39,43,5,5,1
70648,Gig Harbor UCC,4074040,32,36,6,6,1
70648,Gig Harbor UCC,4074041,29,34,5,5,1
70648,Gig Harbor UCC,4074042,31,35,4,4,2
70648,Gig Harbor UCC,4074043,33,37,2,2,2
70648,Gig Harbor UCC,4074044,2,7,1,1,1
70648,Gig Harbor UCC,4074048,8,10,1,1,0
70648,Gig Harbor UCC,4074049,8,10,1,1,1
70648,Gig Harbor UCC,4074050,22,24,1,1,0
70648,Gig Harbor UCC,4074051,22,24,1,1,0
70648,Gig Harbor UCC,4074052,14,18,3,3,1
70648,Gig Harbor UCC,4074053,20,26,3,3,2
70648,Gig Harbor UCC,4074054,39,46,1,1,0
70648,Gig Harbor UCC,4074055,39,44,2,2,0
70648,Gig Harbor UCC,4074056,37,41,3,3,0
70648,Gig Harbor UCC,4074057,37,41,3,3,1
70648,Gig Harbor UCC,4074058,34,37,3,3,0
70648,Gig Harbor UCC,4074059,34,37,3,3,1
70648,Gig Harbor UCC,4074060,32,35,2,2,1
70648,Gig Harbor UCC,4074061,30,35,1,1,1
70648,Gig Harbor UCC,4074063,3,9,1,1,1
70648,Gig Harbor UCC,4074064,8,10,1,1,0
70648,Gig Harbor UCC,4074065,8,10,1,1,1
70648,Gig Harbor UCC,4074069,2,4,1,1,1
70648,Gig Harbor UCC,4074070,2,4,1,1,0
70648,Gig Harbor UCC,4074071,4,6,2,2,1
70648,Gig Harbor UCC,4074072,12,14,2,2,1
70648,Gig Harbor UCC,4074073,19,21,1,1,0
70648,Gig Harbor UCC,4074074,19,21,1,1,1
70648,Gig Harbor UCC,4074075,3,4,1,1,1
70648,Gig Harbor UCC,4074081,3,6,1,1,1
70648,Gig Harbor UCC,4074123,0,16,1,1,1
70648,Gig Harbor UCC,4074129,5,6,1,1,0
70648,Gig Harbor UCC,4074130,5,6,1,1,1
70648,Gig Harbor UCC,4074132,3,5,1,1,1
70648,Gig Harbor UCC,4074133,1,6,1,1,1
70648,Gig Harbor UCC,4074137,3,6,1,1,1
70648,Gig Harbor UCC,4074141,0,5,1,1,1
70648,Gig Harbor UCC,4074152,4,4,1,1,1
70648,Gig Harbor UCC,4074157,1,7,2,2,1
70648,Gig Harbor UCC,4074158,2,7,1,1,1
70648,Gig Harbor UCC,4074163,6,20,1,1,1
70648,Gig Harbor UCC,4074164,4,6,1,1,1
70648,Gig Harbor UCC,4074165,4,6,1,1,0
70648,Gig Harbor UCC,4074166,4,6,1,1,1
70648,Gig Harbor UCC,4074170,3,5,1,1,0
70648,Gig Harbor UCC,4074171,4,6,2,2,1
70648,Gig Harbor UCC,4074172,6,7,1,1,1
70648,Gig Harbor UCC,4074173,0,10,1,1,1
70648,Gig Harbor UCC,4074176,0,5,1,1,1
70648,Gig Harbor UCC,4074177,2,19,1,1,1
70648,Gig Harbor UCC,4074203,7,10,1,1,1
70648,Gig Harbor UCC,4074204,1,34,1,1,1
70648,Gig Harbor UCC,4074208,1,5,1,1,1
70648,Gig Harbor UCC,4074209,4,12,1,1,1
70648,Gig Harbor UCC,4074210,3,6,2,2,1
70648,Gig Harbor UCC,4074211,7,11,3,3,1
70648,Gig Harbor UCC,4074212,8,13,2,2,2
70648,Gig Harbor UCC,4074213,9,16,2,2,0
70648,Gig Harbor UCC,4074214,9,16,2,2,2
70648,Gig Harbor UCC,4074216,10,24,1,1,0
70648,Gig Harbor UCC,4074217,10,24,1,1,1
70648,Gig Harbor UCC,4074223,2,10,1,1,1
70648,Gig Harbor UCC,4074224,6,9,1,1,1
70648,Gig Harbor UCC,4074226,0,4,1,1,1
70648,Gig Harbor UCC,4074228,6,9,1,1,1
70648,Gig Harbor UCC,4074229,7,13,1,1,1
70648,Gig Harbor UCC,4074238,2,9,1,1,1
70648,Gig Harbor UCC,4074239,0,8,1,1,1
70648,Gig Harbor UCC,4074242,7,11,1,1,0
70648,Gig Harbor UCC,4074243,7,11,1,1,1
70648,Gig Harbor UCC,4074250,1,5,1,1,1
70648,Gig Harbor UCC,4074253,0,5,1,1,1
70648,Gig Harbor UCC,4074255,5,9,3,3,1
70648,Gig Harbor UCC,4074256,7,9,2,2,2
70648,Gig Harbor UCC,4074258,4,6,1,1,1
70648,Gig Harbor UCC,4074259,2,6,2,2,2
70648,Gig Harbor UCC,4074261,16,19,2,2,0
70648,Gig Harbor UCC,4074262,14,17,3,3,1
70648,Gig Harbor UCC,4074263,9,18,3,3,3
70648,Gig Harbor UCC,4074264,4,26,1,1,1
70648,Gig Harbor UCC,4074269,4,7,1,1,1
70648,Gig Harbor UCC,4074270,12,14,1,1,0
70648,Gig Harbor UCC,4074271,12,14,1,1,1
70648,Gig Harbor UCC,4074274,3,6,1,1,1
70648,Gig Harbor UCC,4074280,3,4,1,1,1
70648,Gig Harbor UCC,4074304,2,10,1,1,1
70648,Gig Harbor UCC,4074310,3,7,1,1,0
70648,Gig Harbor UCC,4074311,3,7,1,1,1
70648,Gig Harbor UCC,4074312,4,16,2,2,2
70648,Gig Harbor UCC,4074313,12,18,3,3,1
70648,Gig Harbor UCC,4074314,15,19,3,3,1
70648,Gig Harbor UCC,4074315,15,18,2,2,2
70648,Gig Harbor UCC,4074327,5,8,2,2,1
70648,Gig Harbor UCC,4074328,6,6,1,1,1
70648,Gig Harbor UCC,4074331,5,7,1,1,1
70648,Gig Harbor UCC,4074333,4,33,1,1,0
70648,Gig Harbor UCC,4074334,4,33,1,1,1
70648,Gig Harbor UCC,4074339,3,41,1,1,1
70648,Gig Harbor UCC,4074340,4,20,2,2,0
70648,Gig Harbor UCC,4074341,4,20,2,2,2
70648,Gig Harbor UCC,4074343,7,8,1,1,0
70648,Gig Harbor UCC,4074344,7,8,1,1,1
70648,Gig Harbor UCC,4074348,7,9,1,1,1
70648,Gig Harbor UCC,4074349,6,11,1,1,1
70648,Gig Harbor UCC,4074350,5,6,1,1,0
70648,Gig Harbor UCC,4074351,5,6,1,1,1
70648,Gig Harbor UCC,4074352,6,8,1,1,1
70648,Gig Harbor UCC,4074353,12,31,2,2,1
70648,Gig Harbor UCC,4074354,20,21,1,1,0
70648,Gig Harbor UCC,4074355,20,21,1,1,1
70648,Gig Harbor UCC,4074356,7,8,2,2,1
70648,Gig Harbor UCC,4074357,12,14,2,2,1
70648,Gig Harbor UCC,4074358,14,17,1,1,1
70648,Gig Harbor UCC,4074361,4,7,1,1,0
70648,Gig Harbor UCC,4074362,4,7,1,1,1
70648,Gig Harbor UCC,4074364,8,13,4,4,2
70648,Gig Harbor UCC,4074365,14,18,4,4,2
70648,Gig Harbor UCC,4074366,13,21,4,4,2
70648,Gig Harbor UCC,4074367,14,20,3,3,0
70648,Gig Harbor UCC,4074368,14,20,3,3,3
70648,Gig Harbor UCC,4074379,7,9,1,1,1
70648,Gig Harbor UCC,4074380,3,8,1,1,1
70648,Gig Harbor UCC,4074382,5,6,1,1,1
70648,Gig Harbor UCC,4074412,1,6,1,1,1
70648,Gig Harbor UCC,4074418,3,6,1,1,1
70648,Gig Harbor UCC,4074419,1,9,1,1,1
70648,Gig Harbor UCC,4074420,10,14,2,2,1
70648,Gig Harbor UCC,4074421,13,17,2,2,1
70648,Gig Harbor UCC,4074422,11,14,1,1,1
70648,Gig Harbor UCC,4074430,0,9,1,1,1
70648,Gig Harbor UCC,4074436,6,16,2,2,1
70648,Gig Harbor UCC,4074437,5,15,2,2,1
70648,Gig Harbor UCC,4074438,3,6,2,2,1
70648,Gig Harbor UCC,4074439,6,12,2,2,1
70648,Gig Harbor UCC,4074440,9,15,2,2,1
70648,Gig Harbor UCC,4074441,8,11,2,2,1
70648,Gig Harbor UCC,4074442,8,13,2,2,2
70648,Gig Harbor UCC,4074446,0,8,1,1,1
70648,Gig Harbor UCC,4074448,6,10,1,1,0
70648,Gig Harbor UCC,4074449,6,10,1,1,1
70648,Gig Harbor UCC,4074450,0,7,1,1,1
70648,Gig Harbor UCC,4074453,1,6,1,1,1
70648,Gig Harbor UCC,4074456,2,4,1,1,1
70648,Gig Harbor UCC,4074457,6,28,1,1,0
70648,Gig Harbor UCC,4074458,6,28,1,1,1
70648,Gig Harbor UCC,4074462,0,5,1,1,1
70648,Gig Harbor UCC,4074463,4,15,2,2,0
70648,Gig Harbor UCC,4074464,4,15,2,2,2
70648,Gig Harbor UCC,4074470,4,8,2,2,1
70648,Gig Harbor UCC,4074471,4,10,2,2,1
